{
  "timestamp": "2025-07-29T13:52:48.762178",
  "model_comparison": [
    {
      "model_name": "random_forest",
      "accuracy": 0.9854791868344628,
      "f1_macro": 0.9844613579757254,
      "f1_weighted": 0.9854426185161389,
      "precision": 0.9855848382623792,
      "recall": 0.9854791868344628,
      "auc_score": 0.9995652931872322
    },
    {
      "model_name": "xgboost",
      "accuracy": 0.9912875121006777,
      "f1_macro": 0.9910281037153409,
      "f1_weighted": 0.991282146875949,
      "precision": 0.9912851099111689,
      "recall": 0.9912875121006777,
      "auc_score": 0.9998443926527901
    },
    {
      "model_name": "logistic_regression",
      "accuracy": 0.9990319457889641,
      "f1_macro": 0.9991725186170525,
      "f1_weighted": 0.9990320230221572,
      "precision": 0.9990345000217109,
      "recall": 0.9990319457889641,
      "auc_score": 0.9999987152903573
    },
    {
      "model_name": "mlp",
      "accuracy": 0.9990319457889641,
      "f1_macro": 0.9991725186170525,
      "f1_weighted": 0.9990320230221572,
      "precision": 0.9990345000217109,
      "recall": 0.9990319457889641,
      "auc_score": 0.9999973689785784
    }
  ],
  "best_model_details": {
    "model_name": "logistic_regression",
    "accuracy": 0.9990319457889641,
    "f1_macro": 0.9991725186170525,
    "f1_weighted": 0.9990320230221572,
    "precision": 0.9990345000217109,
    "recall": 0.9990319457889641,
    "auc_score": 0.9999987152903573
  },
  "feature_importance": {},
  "model_stability": {}
}